"cbo_familia";"mediana_rendimento_base";"mediana_salario_hora_base";"vinculos_base";"referencia";"mediana_rendimento_recente";"mediana_salario_hora_recente";"vinculos_recente";"nome_cbo_familia";"variacao_rendimento";"variacao_vinculos"
"1114";"8993,49626577214";"58,43938874685361";"445";"2021";"5517,21066733578";"34,94652137640042";"364";"Dirigentes do serviço público";"-3,86533278683460e-01";"-0,182022471910112338"
"1210";"18783,70032498258";"118,55251111574384";"234";"2021";"13828,16174354992";"87,75732224538115";"236";"Diretores gerais";"-2,63821211779115e-01";"0,008547008547008517"
"1231";"9532,30554496897";"57,85898890989642";"576";"2021";"8334,02927298396";"49,61196300947124";"598";"Diretores administrativos e financeiros";"-1,25706867696603e-01";"0,038194444444444420"
"1233";"21351,37662305992";"129,20567629106668";"139";"2021";"12785,99729463781";"79,12088720525938";"148";"Diretores de comercialização e marketing";"-4,01162860813917e-01";"0,064748201438848962"
"1311";"12406,96851690446";"78,29996637581010";"248";"2021";"10823,04026865343";"68,79438119901339";"263";"Diretores e gerentes de operações em empresa de serviços pessoais, sociais e culturais";"-1,27664404571748e-01";"0,060483870967741993"
"1312";"9501,20477244588";"68,00534231045344";"502";"2021";"9479,72331569294";"65,72378756481072";"482";"Gestores e especialistas de operações em empresas, secretarias e unidades de serviços de saúde";"-2,26091924839145e-03";"-0,039840637450199168"
"1313";"6776,51018980741";"39,60719777582415";"390";"2021";"6274,98706237137";"36,20876036082856";"427";"Diretores e gerentes de instituição de serviços educacionais";"-7,40090567841813e-02";"0,094871794871794979"
"1412";"3081,99371891224";"17,80276581842967";"489";"2021";"2829,29816168535";"16,36002456245899";"571";"Gerentes de produção e operações em empresa da indústria extrativa, de transformação e de serviços de utilidade pública";"-8,19909384228333e-02";"0,167689161554192223"
"1414";"3031,16484441553";"17,51587754407416";"3012";"2021";"2814,88485564412";"16,32766330897566";"3105";"Gerentes de operações comerciais e de assistência técnica";"-7,13521038520474e-02";"0,030876494023904355"
"1415";"2521,99413724258";"14,83563818202473";"1445";"2021";"2416,79652830454";"14,10926636100622";"1597";"Gerentes de operações de serviços em empresa de turismo, de alojamento e alimentação";"-4,17120751331534e-02";"0,105190311418685178"
"1416";"4385,81237358213";"25,78816345820145";"474";"2021";"4173,77747803625";"23,89557358786278";"494";"Gerentes de operações de serviços em empresa de transporte, de comunicação e de logística (armazenagem e distribuição)";"-4,83456375888449e-02";"0,042194092827004148"
"1417";"7588,22874789444";"44,78918728855083";"211";"2021";"8699,14346432526";"50,33594849208483";"292";"Gerentes de operações de serviços em instituição de intermediação financeira";"1,46399740089421e-01";"0,383886255924170694"
"1421";"3551,05835524944";"20,67098920028778";"7292";"2021";"3379,30738415303";"19,55235781668939";"7589";"Gerentes administrativos, financeiros, de riscos e afins";"-4,83661359274792e-02";"0,040729566648381788"
"1422";"5231,70696714697";"30,94186635412774";"715";"2021";"4945,03728840074";"28,40407858057437";"752";"Gerentes de recursos humanos e de relações do trabalho";"-5,47946741945611e-02";"0,051748251748251706"
"1423";"4536,30877972609";"26,76441438674837";"9739";"2021";"4255,31726987433";"24,99422662254174";"10375";"Gerentes de comercialização, marketing e comunicação";"-6,19427652516913e-02";"0,065304446041688058"
"1424";"3593,41575066336";"20,80727926305332";"380";"2021";"3609,13832725913";"20,64840098416635";"369";"Gerentes de suprimentos e afins";"4,37538478336741e-03";"-0,028947368421052611"
"1425";"11207,24461206003";"67,26160539392066";"1052";"2021";"10149,80467639118";"61,78514983647706";"1239";"Gerentes de tecnologia da informação";"-9,43532484809820e-02";"0,177756653992395375"
"1426";"15798,35689859221";"98,73973061620133";"197";"2021";"13252,06274643722";"82,55421806971724";"191";"Gerentes de pesquisa e desenvolvimento e afins";"-1,61174618885961e-01";"-0,030456852791878153"
"1427";"7710,02076566681";"44,81035279902385";"210";"2021";"6258,32828159865";"43,47044426020563";"250";"Gerentes de manutenção e afins";"-1,88286455794339e-01";"0,190476190476190466"
"2034";"39701,86523585087";"249,20465883274946";"434";"2021";"37650,82056412081";"235,64857187515295";"430";"Pesquisadores das ciências da agricultura";"-5,16611665357717e-02";"-0,009216589861751112"
"2122";"11933,76097915281";"73,97635699786991";"155";"2021";"10311,56339257822";"64,61723382777581";"376";"Engenheiros em computação";"-1,35933473898834e-01";"1,425806451612903203"
"2123";"9598,76603908830";"59,99532080810798";"1319";"2021";"9298,94939113260";"57,38363511038382";"1395";"Administradores de tecnologia da informação";"-3,12349156896604e-02";"0,057619408642911374"
"2124";"8101,62939222586";"48,46836291833175";"12080";"2021";"7671,26023470547";"46,22705995031886";"12290";"Analistas de tecnologia da informação";"-5,31213088978572e-02";"0,017384105960264851"
"2141";"12990,85070672806";"81,19281691705037";"392";"2021";"13514,36589589573";"83,81432565433339";"397";"Arquitetos e urbanistas";"4,02987611039622e-02";"0,012755102040816313"
"2142";"13427,49742961627";"84,05643795426357";"1913";"2021";"14059,88416890042";"88,76447469991702";"1955";"Engenheiros civis e afins";"4,70963962271429e-02";"0,021955044432828030"
"2143";"14188,64241805567";"86,71670195370304";"1007";"2021";"12999,09020492183";"79,25204934692854";"1037";"Engenheiros eletricistas, eletrônicos e afins";"-8,38383390098043e-02";"0,029791459781529195"
"2144";"13897,62390203029";"82,43471807969313";"171";"2021";"11874,78893206656";"72,40995575331038";"187";"Engenheiros mecânicos e afins";"-1,45552576773085e-01";"0,093567251461988299"
"2149";"10307,93328121017";"63,81233270383386";"360";"2021";"9880,08881858376";"61,75055511614850";"346";"Engenheiros de produção, qualidade, segurança e afins";"-4,15063282769119e-02";"-0,038888888888888862"
"2153";"22278,27248237523";"159,13051773125164";"128";"2021";"22084,48174041424";"157,55692348694794";"167";"Profissionais da pilotagem aeronáutica";"-8,69864313376645e-03";"0,304687500000000000"
"2211";"9671,72520209305";"59,66867302342465";"159";"2021";"9716,06877725536";"60,00205377546032";"191";"Biólogos e afins";"4,58486714993800e-03";"0,201257861635220081"
"2212";"4868,74470513018";"32,68570953909209";"474";"2021";"5736,81809607612";"35,82467811208070";"490";"Biomédicos";"1,78295113734603e-01";"0,033755274261603407"
"2221";"17180,60056099013";"105,92648958774139";"262";"2021";"15771,36915883704";"97,60609749855819";"262";"Engenheiros agrossilvipecuários";"-8,20245716760830e-02";"0,000000000000000000"
"2232";"6016,75777327203";"72,83441177168068";"359";"2021";"7565,53800087667";"71,13950137336280";"361";"Cirurgiões-dentistas";"2,57411098463147e-01";"0,005571030640668440"
"2233";"9587,74151151481";"68,29738349647083";"178";"2021";"5899,32178152702";"51,89910510630602";"189";"Veterinários e zootecnistas";"-3,84701624001652e-01";"0,061797752808988804"
"2234";"6434,30885392638";"38,02525719243242";"3100";"2021";"6389,55382490729";"37,77620979438937";"3487";"Farmacêuticos";"-6,95568553439552e-03";"0,124838709677419279"
"2235";"5198,93510833905";"32,81076452938671";"10840";"2021";"8961,89042526011";"61,21178794364372";"11914";"Enfermeiros e afins";"7,23793476645884e-01";"0,099077490774907684"
"2236";"3297,16928761497";"27,85283495035321";"2256";"2021";"5978,74818538251";"49,66144750876801";"2394";"Fisioterapeutas";"8,13297305613105e-01";"0,061170212765957466"
"2237";"3613,78211475964";"23,90707047289041";"1236";"2021";"4078,42669573199";"26,44323878509618";"1351";"Nutricionistas";"1,28575704405257e-01";"0,093042071197410925"
"2238";"4025,28711239737";"37,35284013385336";"422";"2021";"6411,32172112791";"53,42768100939927";"427";"Fonoaudiólogos";"5,92761346484293e-01";"0,011848341232227444"
"2239";"3040,12952604766";"33,29673110687584";"278";"2021";"6411,32172112791";"53,42768100939927";"274";"Terapeutas ocupacionais, ortoptistas e psicomotricistas";"1,10889755393514e+00";"-0,014388489208633115"
"2241";"1818,88458290319";"15,81560402377892";"1435";"2021";"1588,15823421288";"13,44664237799380";"1608";"Profissionais da educação física";"-1,26850461463605e-01";"0,120557491289198682"
"2251";"13944,89011340588";"154,95231388221654";"8566";"2021";"12851,93499969445";"133,87432291348384";"9343";"Médicos clínicos";"-7,83767462362946e-02";"0,090707448050431960"
"2252";"14101,41519541765";"167,94392985878258";"281";"2021";"13489,39621688149";"160,15958594688183";"255";"Médicos em especialidades cirúrgicas";"-4,34012451980735e-02";"-0,092526690391459110"
"2311";"3284,16034507826";"22,96747565895087";"1823";"2021";"3064,87752010407";"22,73627847922371";"1918";"Professores de nível superior na educação infantil";"-6,67698290988770e-02";"0,052111903455841935"
"2312";"3735,66697065894";"32,33681196025626";"3617";"2021";"3615,82720022401";"34,37328904833448";"3712";"Professores de nível superior do ensino fundamental (primeira a quarta séries)";"-3,20798859684742e-02";"0,026264860381531641"
"2313";"4582,39710736620";"51,63866398563789";"1166";"2021";"3837,73293839541";"45,99069805129437";"1304";"Professores de nível superior no ensino fundamental de quinta a oitava série";"-1,62505376885330e-01";"0,118353344768439062"
"2321";"5902,60169144004";"62,62149251100516";"1543";"2021";"5889,29903901961";"58,96180758637900";"1461";"Professores do ensino médio";"-2,25369305195144e-03";"-0,053143227478937183"
"2332";"4142,77956441608";"38,93272021194203";"681";"2021";"3561,05875065532";"28,58634628618604";"749";"Instrutores de ensino profissional";"-1,40417998282452e-01";"0,099853157121879699"
"2344";"3365,55617286819";"38,66831891879390";"738";"2021";"3562,97136677956";"34,49841708071800";"737";"Professores de ciências biológicas e da saúde do ensino superior";"5,86575245728649e-02";"-0,001355013550135453"
"2345";"7743,40767706567";"99,54357824183919";"1853";"2021";"7026,32290753004";"84,42796295070534";"1723";"Professores na área de formação pedagógica do ensino superior";"-9,26058396304625e-02";"-0,070156502968159784"
"2346";"3798,53578974248";"37,97107194711086";"557";"2021";"3930,52123777079";"37,97758204704815";"582";"Professores nas áreas de língua e literatura do ensino superior";"3,47464010697802e-02";"0,044883303411131115"
"2347";"5561,19528202089";"74,51181897818367";"184";"2021";"5423,33397314936";"69,20784274282219";"162";"Professores de ciências humanas do ensino superior";"-2,47898701412675e-02";"-0,119565217391304324"
"2348";"4061,66805338988";"29,68848570434060";"345";"2021";"4262,22804857738";"27,03341438711924";"369";"Professores de ciências econômicas, administrativas e contábeis do ensino superior";"4,93787263142083e-02";"0,069565217391304390"
"2394";"4227,61620528552";"29,59884548163632";"2710";"2021";"3791,87241917332";"25,03422140291164";"2970";"Programadores, avaliadores e orientadores de ensino";"-1,03070800411689e-01";"0,095940959409594129"
"2410";"10520,89233963234";"66,52620610604619";"2554";"2021";"10398,73536338989";"65,74574998878884";"2654";"Advogados";"-1,16108949981635e-02";"0,039154267815191934"
"2512";"10478,62778234535";"63,67620748149257";"612";"2021";"9823,17528021275";"60,95393993346295";"635";"Economistas";"-6,25513679603090e-02";"0,037581699346405317"
"2515";"3850,06675257413";"30,46950952483753";"903";"2021";"4671,77093878257";"38,08860095950832";"964";"Psicólogos e psicanalistas";"2,13425958305540e-01";"0,067552602436323328"
"2516";"4397,23146319509";"34,98628990126930";"725";"2021";"5778,40428810343";"47,32289564820537";"793";"Assistentes sociais e economistas domésticos";"3,14100550873609e-01";"0,093793103448275961"
"2521";"9192,70367664212";"55,51973844943961";"7672";"2021";"8262,60732611251";"51,09631787008041";"8234";"Administradores";"-1,01177671253877e-01";"0,073253388946819653"
"2522";"7314,42590203250";"44,50790358861964";"2788";"2021";"6094,16558658142";"36,68055621611122";"2804";"Contadores e afins";"-1,66829267504371e-01";"0,005738880918221057"
"2523";"4888,61206429419";"29,25983466513463";"4035";"2021";"4432,15500931711";"26,99225735694703";"4264";"Secretárias(os) executivas(os) e afins";"-9,33715027852157e-02";"0,056753407682775814"
"2524";"4189,54096847646";"24,71786117719746";"1517";"2021";"4226,77596516952";"24,54825624183666";"1522";"Profissionais de recursos humanos";"8,88760772915953e-03";"0,003295978905734964"
"2525";"5508,75914745163";"36,62730703543605";"1259";"2021";"5482,20239540426";"35,70318031754023";"1418";"Profissionais de administração ecônomico-financeira";"-4,82082286346663e-03";"0,126290706910246131"
"2527";"3424,72887402315";"20,54333677575267";"68";"2021";"3813,29688984677";"21,89812174716356";"133";"Profissionais de planejamento, programação e controles logisticos";"1,13459497121347e-01";"0,955882352941176405"
"2531";"5055,65106418132";"29,85027328392830";"669";"2021";"4117,63004280893";"24,66299759903887";"718";"Profissionais de publicidade";"-1,85539114441294e-01";"0,073243647234678688"
"2532";"6111,31340555495";"40,05131084682426";"965";"2021";"6753,20449507065";"41,79046418450335";"1146";"Profissionais de comercializacão e consultoria de serviços bancários";"1,05033246852018e-01";"0,187564766839378283"
"2543";"1496,52739665443";"8,57229548625268";"177";"2021";"1789,05689583739";"10,16509599907608";"269";"Auditores fiscais do trabalho";"1,95472197727166e-01";"0,519774011299435124"
"2611";"9729,70261236372";"74,64688278731479";"1868";"2021";"8826,21620024813";"66,42889164693028";"1804";"Profissionais do jornalismo";"-9,28585844923480e-02";"-0,034261241970021450"
"2612";"5769,34416499125";"36,39011601051996";"581";"2021";"5494,80875472038";"33,62394276349223";"610";"Profissionais da informação";"-4,75852024805130e-02";"0,049913941480206558"
"2613";"2540,63139122470";"16,73407237996631";"193";"2021";"3777,44854619218";"21,53596389742063";"197";"Arquivistas e museólogos";"4,86814875719247e-01";"0,020725388601036343"
"2614";"2613,21920172171";"23,70861725458192";"104";"2021";"2081,86680082451";"18,72706113055585";"143";"Filólogos,tradutores ,intérpretes e afins";"-2,03332502894179e-01";"0,375000000000000000"
"2617";"6295,89881143272";"46,82397570336901";"206";"2021";"6028,50262196251";"48,20708434541926";"224";"Locutores, comentaristas e repórteres de mídias audiovisuais";"-4,24714877857701e-02";"0,087378640776698990"
"2621";"5802,38293341411";"39,36675054365917";"129";"2021";"4439,06578802016";"34,18449090747155";"135";"Produtores artísticos e culturais";"-2,34958147547111e-01";"0,046511627906976827"
"2624";"4070,02348481400";"24,94292110522726";"625";"2021";"4189,78110853438";"24,27982594833274";"742";"Artistas visuais,desenhistas industriais e conservadores-restauradores de bens culturais";"2,94243077877112e-02";"0,187200000000000033"
"2711";"2540,67200790524";"15,15180211572610";"374";"2021";"2440,96311988540";"13,90987540958110";"408";"Chefes de cozinha e afins";"-3,92450846506740e-02";"0,090909090909090828"
"3003";"3638,96445669066";"20,99137304884982";"129";"2021";"3702,91991898632";"21,32804734674759";"162";"Técnicos em eletromecânica";"1,75751819114565e-02";"0,255813953488372103"
"3011";"2498,33201964012";"15,72416103678861";"177";"2021";"2926,15473292721";"17,21096342260597";"235";"Técnicos de laboratório industrial";"1,71243337524338e-01";"0,327683615819209129"
"3111";"3956,06468400174";"25,42617388656005";"166";"2021";"3930,76956085874";"23,01855865470101";"186";"Técnicos químicos";"-6,39401151485008e-03";"0,120481927710843317"
"3115";"6203,69894662077";"38,77311841637980";"93";"2021";"4024,41378236708";"23,41537821613798";"117";"Técnicos em controle ambiental, utilidades e tratamento de efluentes";"-3,51288027192354e-01";"0,258064516129032251"
"3121";"3813,36087813736";"21,95283229666119";"888";"2021";"3504,09766105471";"20,41655872011092";"956";"Técnicos em construção civil (edificações)";"-8,10999081822307e-02";"0,076576576576576683"
"3122";"12878,37731594676";"74,03079060276400";"209";"2021";"10941,05185360096";"63,36618619334635";"203";"Técnicos em construção civil (obras de infraestrutura)";"-1,50432419769755e-01";"-0,028708133971291905"
"3123";"2320,95317336565";"13,18723393957753";"220";"2021";"2255,20159968616";"12,81364545276225";"260";"Técnicos em geomática";"-2,83295563366076e-02";"0,181818181818181879"
"3131";"3765,23591408762";"22,12620046552016";"1555";"2021";"3550,49181074240";"21,02244664131132";"1630";"Técnicos em eletricidade e eletrotécnica";"-5,70333727408040e-02";"0,048231511254019255"
"3132";"2637,89673633752";"15,76928115771287";"3885";"2021";"2237,56009350153";"13,43484342895012";"4105";"Técnicos em eletrônica";"-1,51763576383140e-01";"0,056628056628056589"
"3133";"2735,85836740236";"16,04859995978707";"1815";"2021";"2679,20534716218";"15,64525513255355";"1668";"Técnicos em telecomunicações";"-2,07075852007527e-02";"-0,080991735537190079"
"3134";"2366,78039377375";"13,81692436019236";"238";"2021";"2317,18198574541";"13,16580673718983";"262";"Técnicos em calibração e instrumentação";"-2,09560667980936e-02";"0,100840336134453867"
"3141";"2788,53239967189";"17,01911444157028";"755";"2021";"2641,73497823095";"15,61025214409199";"787";"Técnicos mecânicos na fabricação e montagem de máquinas, sistemas e instrumentos";"-5,26432547307717e-02";"0,042384105960264984"
"3143";"6235,24650262974";"37,51088913261920";"242";"2021";"5989,76422024173";"35,22993751196267";"257";"Técnicos em mecânica veicular";"-3,93701006503075e-02";"0,061983471074380070"
"3144";"2814,44584185252";"16,49235038185385";"495";"2021";"2618,54582859204";"14,99790998402432";"484";"Técnicos mecânicos na manutenção de máquinas, sistemas e instrumentos";"-6,96051813637072e-02";"-0,022222222222222254"
"3171";"6061,25624798839";"36,36864719366633";"1964";"2021";"6423,68504082603";"39,33946247170067";"2132";"Técnicos de desenvolvimento de sistemas e aplicações";"5,97943360269468e-02";"0,085539714867617134"
"3172";"2398,28733310219";"14,74299786359919";"2362";"2021";"2228,13438309920";"13,49204929199036";"2694";"Técnicos de suporte e monitoração ao usuário de tecnologia da informação.";"-7,09476915690895e-02";"0,140558848433530947"
"3180";"2027,31778263729";"11,51885103771188";"132";"2021";"2451,79951676610";"13,93067907253467";"145";"Desenhistas técnicos, em geral";"2,09380955351071e-01";"0,098484848484848397"
"3181";"2487,61501836210";"14,31256654781138";"186";"2021";"2048,50168804945";"11,63921413664462";"209";"Desenhistas técnicos da construção civil e arquitetura";"-1,76519809967126e-01";"0,123655913978494514"
"3185";"3428,80214684240";"19,87144720653120";"297";"2021";"3082,02766358275";"17,96703998126194";"276";"Desenhistas projetistas de construção civil e arquitetura";"-1,01135751906537e-01";"-0,070707070707070718"
"3188";"2212,90119837961";"12,66880390503106";"113";"2021";"2203,59794862139";"12,58048232121770";"120";"Desenhistas projetistas e modelistas de produtos e serviços diversos";"-4,20409630806318e-03";"0,061946902654867353"
"3221";"1677,18458928628";"9,89042545468315";"508";"2021";"1743,01145516683";"9,90650616836607";"542";"Tecnólogos e técnicos em terapias complementares e estéticas";"3,92484323437257e-02";"0,066929133858267820"
"3222";"2457,88941059422";"15,49928573003397";"23722";"2021";"3574,02438592848";"24,11133529089541";"26096";"Técnicos e auxiliares de enfermagem";"4,54103008265300e-01";"0,100075878930950157"
"3224";"1627,34792227119";"9,39669541598537";"2337";"2021";"1606,98323766776";"9,24006848067599";"2551";"Técnicos de odontologia";"-1,25140323865166e-02";"0,091570389388104356"
"3241";"3676,15773129385";"37,85692215119371";"1493";"2021";"3744,23665404586";"38,07554638582422";"1662";"Tecnólogos e técnicos em métodos de diagnósticos e terapêutica";"1,85190429051720e-02";"0,113194909578030911"
"3242";"2732,96878070152";"16,80167526950934";"2728";"2021";"4324,31938750572";"27,99581645151817";"2959";"Técnicos de laboratórios de saúde e bancos de sangue";"5,82279101774346e-01";"0,084677419354838745"
"3250";"1728,64592352273";"9,84288547633097";"279";"2021";"1603,33235992784";"9,11446599034737";"407";"Enólogos, perfumistas e aromistas";"-7,24923258659703e-02";"0,458781362007168569"
"3251";"2175,59767850069";"13,84513038834090";"263";"2021";"2067,72823522102";"12,02307150085587";"259";"Técnico em farmácia e em manipulação farmacêutica";"-4,95815215954861e-02";"-0,015209125475285190"
"3252";"1903,18160215983";"11,03606640318395";"479";"2021";"2076,81580354613";"12,58030220292373";"519";"Técnicos em produção, conservação  e de qualidade de alimentos";"9,12336485331999e-02";"0,083507306889352817"
"3311";"1670,07667019285";"10,54978715166203";"2240";"2021";"1693,18305000743";"10,92297374067175";"2477";"Professores de nível médio na educação infantil";"1,38355203847702e-02";"0,105803571428571441"
"3312";"3540,75332315969";"30,43273029393050";"500";"2021";"2749,25359184495";"29,13734615927056";"458";"Professores de nível médio no ensino fundamental";"-2,23539924720998e-01";"-0,083999999999999964"
"3331";"2352,97072239223";"14,97252167031754";"2065";"2021";"2507,47143969734";"14,24699681646217";"2118";"Instrutores e professores de cursos livres";"6,56619803360912e-02";"0,025665859564164561"
"3341";"1745,57727692244";"10,88824410433825";"1595";"2021";"1693,44194003530";"9,94334035948300";"1691";"Inspetores de alunos e afins";"-2,98671033224340e-02";"0,060188087774294630"
"3412";"2825,05259785480";"17,65657873659248";"147";"2021";"2834,12725322556";"17,71329533265972";"150";"Técnicos marítimos, fluviários e pescadores de convés";"3,21220758071861e-03";"0,020408163265306145"
"3421";"2648,03349932220";"15,16970849552548";"555";"2021";"2646,62218794068";"15,21498254797418";"594";"Especialistas em logística de transportes";"-5,32965833658028e-04";"0,070270270270270219"
"3423";"3319,54327620622";"19,70476056953494";"349";"2021";"3582,73682788669";"20,94496575518844";"389";"Técnicos em transportes rodoviários";"7,92860733483991e-02";"0,114613180515759305"
"3424";"8285,67517649082";"51,78546985306762";"457";"2021";"15707,67164504194";"98,17294778151209";"465";"Técnicos em transportes metroferroviários";"8,95762422549433e-01";"0,017505470459518557"
"3425";"2564,80411852531";"17,33979971262236";"1654";"2021";"1976,16570087553";"13,03703549909692";"1910";"Técnicos em transportes aéreos";"-2,29506188561576e-01";"0,154776299879080925"
"3511";"4676,79027292698";"27,33116873338657";"666";"2021";"4810,49372595943";"29,39822049034243";"674";"Técnicos em contabilidade";"2,85887211591334e-02";"0,012012012012011963"
"3513";"4806,70562680612";"30,04191016753825";"1231";"2021";"5442,82997728871";"34,01768735805442";"1308";"Técnicos em administração";"1,32341025199263e-01";"0,062550771730300658"
"3514";"3066,66382320216";"17,92270371111013";"846";"2021";"3008,37080891971";"17,96307737879459";"1017";"Serventuários da justiça e afins";"-1,90086092389417e-02";"0,202127659574468099"
"3515";"2576,25802243587";"14,63782967293106";"3980";"2021";"2442,04094775652";"13,87523265770749";"4035";"Técnicos em secretariado, taquígrafos e estenotipistas";"-5,20976833494521e-02";"0,013819095477386911"
"3516";"3249,33444271190";"19,00583717073733";"977";"2021";"3181,74259207105";"18,37266637928303";"1045";"Técnicos em segurança do trabalho";"-2,08017524303958e-02";"0,069600818833162714"
"3517";"2974,16803686061";"18,24044351926728";"930";"2021";"2324,33580406646";"14,78014696661423";"1301";"Técnicos de seguros e afins";"-2,18492104259207e-01";"0,398924731182795700"
"3522";"9539,87185231415";"57,21894651063903";"120";"2021";"5959,75411088903";"33,86223926641492";"139";"Agentes da saúde e do meio ambiente";"-3,75279437381192e-01";"0,158333333333333437"
"3532";"4435,15003566495";"27,69285060290271";"153";"2021";"5362,76427356848";"34,43063718117163";"206";"Técnicos em operações e serviços bancários";"2,09150588017134e-01";"0,346405228758170036"
"3541";"2230,04143756491";"13,01000211562750";"5522";"2021";"2094,09275030376";"12,16747107314382";"4927";"Especialistas em promoção de produtos e vendas";"-6,09624040930825e-02";"-0,107750814922129678"
"3542";"3821,08965220466";"22,75328640743193";"858";"2021";"3163,59387277061";"18,47570738552989";"1132";"Compradores";"-1,72070231080472e-01";"0,319347319347319303"
"3548";"2729,64401528067";"16,45173370131995";"390";"2021";"2832,64788163775";"16,42096458525227";"417";"Técnicos em serviços de turismo e organização de eventos";"3,77352745561168e-02";"0,069230769230769207"
"3711";"2125,16916842639";"16,17182147371848";"292";"2021";"1574,47404702565";"10,93384754878922";"455";"Técnicos em biblioteconomia";"-2,59130016368772e-01";"0,558219178082191680"
"3714";"1610,11484495895";"9,17877637513385";"1855";"2021";"1545,12965488746";"8,88247362771363";"1992";"Recreadores";"-4,03605930812647e-02";"0,073854447439353210"
"3721";"2382,62089918197";"15,43119564545928";"141";"2021";"2720,99759451779";"15,46021360521473";"128";"Captadores de imagens em movimento";"1,42018688517337e-01";"-0,092198581560283710"
"3722";"7795,72196159333";"49,64692909317118";"283";"2021";"8339,28104212069";"51,60761366723075";"271";"Operadores de rede de teleprocessamento e afins";"6,97253035966743e-02";"-0,042402826855123643"
"3731";"3964,95973703867";"27,09825654016986";"441";"2021";"3725,13162668329";"25,08947435734901";"510";"Técnicos de operação de registros sonoro/audiovisuais";"-6,04868967810752e-02";"0,156462585034013557"
"3732";"7411,70865429412";"47,67632702487116";"445";"2021";"6704,42221696264";"44,19788727673711";"419";"Supervisores operacionais e técnicos em mídias audiovisuais";"-9,54282568732249e-02";"-0,058426966292134841"
"3741";"2090,20400886963";"12,15025579873885";"299";"2021";"2025,09063267237";"11,53159345599737";"308";"Técnicos em áudio";"-3,11516846781269e-02";"0,030100334448160515"
"3744";"3723,09900922517";"25,12915342079429";"228";"2021";"3468,80936521550";"22,54471306727729";"238";"Técnicos em montagem, edição e finalização de mídia audiovisual";"-6,83005322661540e-02";"0,043859649122806932"
"3751";"2389,13117283326";"13,81260554107715";"155";"2021";"2181,94628873981";"12,57969037252834";"178";"Designers de interiores, de vitrines e visual merchandiser e afins (nível médio)";"-8,67197609111395e-02";"0,148387096774193594"
"3911";"2260,38209792374";"13,67605173363282";"965";"2021";"2445,55445527756";"14,51133756698681";"756";"Planejadores, programadores e controladores de produção e manutenção";"8,19208210522981e-02";"-0,216580310880828963"
"3912";"2943,16590484738";"17,34826780070213";"1151";"2021";"2732,06118060662";"16,07940026045327";"1180";"Técnicos de controle da produção";"-7,17270894899478e-02";"0,025195482189400487"
"3951";"15785,00561546243";"98,83793594734937";"653";"2021";"14856,58917057523";"93,18495588236533";"674";"Técnicos de apoio em pesquisa e desenvolvimento";"-5,88163518914276e-02";"0,032159264931087339"
"4101";"3583,09331142482";"20,83549994368401";"7153";"2021";"3390,43437188134";"19,78935680079070";"7520";"Supervisores administrativos";"-5,37688870477293e-02";"0,051307143855724879"
"4102";"2854,77240323974";"16,41329291438608";"1376";"2021";"2888,98023831354";"16,80230503330304";"1413";"Supervisores de serviços financeiros, de câmbio e de controle";"1,19826838156967e-02";"0,026889534883721034"
"4110";"2196,94464531272";"12,99595311128396";"61767";"2021";"2115,88178040421";"12,36764253717614";"64346";"Agentes, assistentes e auxiliares administrativos";"-3,68980006307668e-02";"0,041753687243997639"
"4121";"1820,92702169575";"11,26315057162347";"473";"2021";"1574,47404702565";"10,93345042523040";"625";"Operadores de equipamentos de entrada e transmissão de dados";"-1,35344784131213e-01";"0,321353065539112137"
"4122";"1435,77644734159";"8,18742606372611";"3052";"2021";"1404,82182672366";"8,06179464095366";"2957";"Contínuos";"-2,15594988169974e-02";"-0,031127129750982974"
"4131";"2284,47939424620";"13,18809110978361";"4442";"2021";"2241,88197192591";"12,95365740660849";"4656";"Auxiliares de contabilidade";"-1,86464462877529e-02";"0,048176497073390445"
"4132";"13311,98939256080";"101,06058708318476";"32764";"2021";"13392,89892159667";"100,41234652255847";"33627";"Escriturários de serviços bancários";"6,07794422380548e-03";"0,026339885239897498"
"4141";"1687,18209508056";"9,76138837058438";"11260";"2021";"1658,53405403296";"9,57983162253528";"12847";"Almoxarifes e armazenistas";"-1,69798157123235e-02";"0,140941385435168653"
"4142";"2061,72591343244";"11,75483658906062";"2409";"2021";"2006,29733003724";"11,44417604399045";"2545";"Apontadores e conferentes";"-2,68845548450822e-02";"0,056454960564549683"
"4151";"1440,99859198166";"9,46751452536144";"986";"2021";"1447,43829539248";"9,83312464119299";"989";"Auxiliares de serviços de documentação, informação e pesquisa";"4,46891721244458e-03";"0,003042596348884485"
"4152";"3999,48971787541";"22,72437339701940";"1815";"2021";"7285,60919564340";"45,06991398647925";"1720";"Trabalhadores nos serviços de classificação e entregas de correspondências, encomendas e publicações";"8,21634685815275e-01";"-0,052341597796143224"
"4201";"2736,40379139810";"16,48404242447192";"1385";"2021";"2578,33333875341";"15,19149512244045";"1462";"Supervisores de atendimento ao público e de pesquisa";"-5,77657629117396e-02";"0,055595667870036003"
"4211";"1554,27271160777";"8,95719787686410";"19373";"2021";"1489,53698400557";"8,52511893247658";"19804";"Caixas e bilheteiros (exceto caixa de banco)";"-4,16501731766509e-02";"0,022247457802095694"
"4212";"1543,92126045456";"8,77227988894637";"383";"2021";"1459,27326809495";"8,29138542633446";"382";"Coletadores de apostas e de jogos";"-5,48266252481603e-02";"-0,002610966057441266"
"4213";"1476,10300872882";"9,78209232786952";"947";"2021";"1516,63061794230";"10,26912098489185";"894";"Cobradores e afins";"2,74558137025862e-02";"-0,055966209081309448"
"4221";"1666,80412621841";"9,89042545468315";"17066";"2021";"1604,62152659722";"9,51024592163142";"18259";"Recepcionistas";"-3,73064828932628e-02";"0,069905074416969359"
"4222";"1666,35734273253";"11,54720359068197";"2092";"2021";"1600,08302590462";"10,42898264183841";"1740";"Operadores de telefonia";"-3,97719715503736e-02";"-0,168260038240917731"
"4223";"1536,34334834352";"11,01251986436072";"7254";"2021";"1501,07608239048";"10,85459549944229";"6466";"Operadores de telemarketing e afins";"-2,29553283067025e-02";"-0,108629721532947365"
"4231";"1796,71948009755";"10,75503912169047";"150";"2021";"1948,67052322210";"11,27198295495485";"116";"Despachantes documentalistas e afins";"8,45713784526383e-02";"-0,226666666666666683"
"4241";"2138,63069683191";"12,40691233928788";"140";"2021";"2023,70108007382";"12,23516252998942";"121";"Entrevistadores e recenseadores";"-5,37398144187962e-02";"-0,135714285714285676"
"5101";"2659,50481038156";"15,57125505925921";"823";"2021";"2702,63225294913";"15,46561715403384";"904";"Supervisores dos serviços de transporte, turismo, hotelaria e administração de edifícios";"1,62163431324589e-02";"0,098420413122721762"
"5102";"2329,54070010710";"13,24130159872980";"93";"2021";"2010,97848441866";"11,87588957492158";"115";"Supervisores de lavanderia";"-1,36748937536826e-01";"0,236559139784946248"
"5103";"4400,53882146713";"25,16717661198674";"562";"2021";"4127,02405239152";"23,45059134260917";"585";"Supervisores dos serviços de proteção, segurança e outros";"-6,21548360717383e-02";"0,040925266903914626"
"5111";"5798,94792271753";"41,42105659083953";"184";"2021";"8119,65776297048";"57,99755544978913";"292";"Trabalhadores de segurança e atendimento aos usuários nos transportes";"4,00194978672166e-01";"0,586956521739130377"
"5112";"2575,03371963692";"18,35636223609259";"4681";"2021";"2306,43012438401";"16,47866581427805";"4818";"Fiscais e cobradores dos transportes coletivos";"-1,04310709877143e-01";"0,029267250587481364"
"5121";"1542,15733604280";"8,76225759115229";"122";"2021";"1450,93595250365";"8,24395427558895";"142";"Trabalhadores dos serviços domésticos em geral";"-5,91518007969434e-02";"0,163934426229508157"
"5131";"2275,18397678688";"13,50328797966274";"128";"2021";"2296,89346111260";"13,93680309452966";"129";"Mordomos e governantas";"9,54185883305136e-03";"0,007812500000000000"
"5132";"1856,76253869252";"10,82671906439315";"9866";"2021";"1878,85475121742";"10,99658208347428";"10347";"Cozinheiros";"1,18982433480468e-02";"0,048753294141496095"
"5133";"1559,33238952571";"9,54991642188110";"1372";"2021";"1542,96343220531";"9,39733271746267";"1602";"Camareiros, roupeiros e afins";"-1,04974137844848e-02";"0,167638483965014684"
"5134";"1435,77644734159";"8,25224131853913";"22715";"2021";"1405,66718191669";"8,18133314871861";"24204";"Trabalhadores no atendimento em estabelecimentos de serviços de alimentação, bebidas e hotelaria";"-2,09707196971010e-02";"0,065551397754787688"
"5135";"1483,13549684411";"8,54763535878567";"6956";"2021";"1429,96586024646";"8,26325695275943";"7832";"Trabalhadores auxiliares nos serviços de alimentação";"-3,58494801795211e-02";"0,125934445083381252"
"5136";"1677,30063694495";"9,60284485054581";"1256";"2021";"1658,87747958013";"9,46980936463510";"1449";"Churrasqueiros, pizzaiolos e sushimen";"-1,09838134911709e-02";"0,153662420382165710"
"5141";"1732,67277727852";"10,03502347483062";"6714";"2021";"1653,01811139841";"9,65235925557399";"6889";"Trabalhadores nos serviços de administração de edifícios";"-4,59721344530066e-02";"0,026064938933571646"
"5142";"1467,68955347537";"8,48901810392424";"15347";"2021";"1391,23274199564";"7,97077486306734";"14132";"Trabalhadores nos serviços de coleta de resíduos, de limpeza e conservação de áreas públicas";"-5,20933131251687e-02";"-0,079168567146673641"
"5143";"1467,67794870950";"8,45446755100255";"44651";"2021";"1406,58122221916";"8,11733111492783";"50304";"Trabalhadores nos  serviços de manutenção de edificações";"-4,16281559207616e-02";"0,126604107410808187"
"5151";"1725,39658908002";"9,80338971068194";"595";"2021";"1607,95011266979";"9,37335601821400";"570";"Trabalhadores em serviços de promoção e apoio à saúde";"-6,80692642801929e-02";"-0,042016806722689037"
"5152";"1767,60312253768";"10,61156934266895";"1791";"2021";"1644,21585045094";"9,92242995976263";"1586";"Auxiliares de laboratório da saúde";"-6,98048507119569e-02";"-0,114461194863204940"
"5153";"1869,97456463190";"11,10285974308791";"555";"2021";"1626,25205259897";"9,40823892781292";"742";"Trabalhadores de atenção, defesa e proteção a pessoas em situação de risco e adolescentes em conflito com a lei";"-1,30334666921474e-01";"0,336936936936936826"
"5161";"1750,69497866971";"10,33549460014389";"397";"2021";"1739,64588480456";"9,90650616836607";"328";"Trabalhadores nos serviços de embelezamento e higiene";"-6,31126152743267e-03";"-0,173803526448362722"
"5162";"1748,21155877421";"11,02452757348682";"820";"2021";"1605,00193643408";"9,79536370107619";"832";"Cuidadores de crianças, jovens, adultos e idosos";"-8,19177871358634e-02";"0,014634146341463428"
"5163";"1474,38550338053";"8,43465373200834";"1663";"2021";"1444,18367789930";"8,22240011974384";"1604";"Tintureiros, lavadeiros e afins, a máquina";"-2,04843478262516e-02";"-0,035478051713770276"
"5165";"1749,99869271770";"9,94317439044146";"148";"2021";"1635,76229852061";"9,29410396886708";"143";"Trabalhadores dos serviços funerários";"-6,52779883050576e-02";"-0,033783783783783772"
"5171";"4459,21251768982";"28,10041305716697";"3829";"2021";"4182,23631343655";"26,50860971792113";"4314";"Bombeiros, salva-vidas e afins";"-6,21132550095997e-02";"0,126664925568033437"
"5173";"3603,67436368964";"20,77991575262870";"25308";"2021";"3362,74898930948";"19,10652834834933";"26173";"Vigilantes e guardas de segurança";"-6,68554786214045e-02";"0,034178915757863138"
"5174";"1799,34215718345";"10,86552616338090";"22395";"2021";"1710,35432736593";"10,29953762790509";"22555";"Porteiros, vigias e afins";"-4,94557577402682e-02";"0,007144451886581749"
"5191";"1795,83751789167";"10,24977757953664";"3117";"2021";"1668,34017427215";"9,56644282935016";"3190";"Motociclistas e ciclistas de entregas rápidas";"-7,09960351920939e-02";"0,023419955085017596"
"5192";"1553,76210190963";"8,82819376085018";"272";"2021";"1460,53073394459";"8,29847007923062";"301";"Trabalhadores da coleta e seleção de material reciclável";"-6,00036310902788e-02";"0,106617647058823595"
"5193";"1517,90337538113";"8,75803767629163";"676";"2021";"1479,37158780933";"8,52385810441878";"851";"Trabalhadores de serviços veterinários, de higiene e estética de animais domésticos";"-2,53848750827929e-02";"0,258875739644970349"
"5199";"1655,79120341079";"9,53826037232673";"2249";"2021";"1583,35027655250";"9,05370608584806";"2225";"Outros trabalhadores dos serviços";"-4,37500372686244e-02";"-0,010671409515340180"
"5201";"3914,12506015903";"22,53427941978039";"1989";"2021";"3512,85237077256";"20,39731608237177";"1994";"Supervisores de vendas e de prestação de serviços";"-1,02519128341331e-01";"0,002513826043237799"
"5211";"1740,71488002423";"10,00423128358170";"60476";"2021";"1648,44262641611";"9,46449587496297";"63734";"Operadores do comércio em lojas e mercados";"-5,30082523375890e-02";"0,053872610622395678"
"5231";"1801,17571019041";"10,25248096249425";"468";"2021";"1772,07582339732";"10,07527700981623";"483";"Instaladores de produtos e acessórios";"-1,61560510884364e-02";"0,032051282051282159"
"5241";"2595,17379079880";"14,98053291493583";"416";"2021";"2087,49369632814";"11,86075963822808";"454";"Vendedores em domicílio";"-1,95624700076210e-01";"0,091346153846153744"
"5242";"1883,65658358889";"10,70259422493688";"161";"2021";"1703,91906095896";"9,68135830090320";"174";"Vendedores em bancas, quiosques e barracas";"-9,54194751824015e-02";"0,080745341614906874"
"6210";"1782,84018012082";"10,14193897399574";"1759";"2021";"1585,04098693857";"9,00591469851461";"1656";"Trabalhadores agropecuários em geral";"-1,10946115859272e-01";"-0,058555997725980635"
"6220";"1819,04704962532";"10,42342048243603";"2272";"2021";"1806,38667729459";"10,32242932885913";"2361";"Trabalhadores de apoio à agricultura";"-6,95989272698949e-03";"0,039172535211267512"
"6223";"1611,04322622830";"9,15365469447895";"199";"2021";"1529,88156059311";"8,69250886700630";"222";"Trabalhadores agrícolas na olericultura";"-5,03783289696076e-02";"0,115577889447236126"
"6230";"2066,00226965436";"11,73864925939979";"341";"2021";"1907,73419799944";"10,89265382785342";"345";"Tratadores polivalentes de animais";"-7,66059524617091e-02";"0,011730205278592365"
"6231";"1686,21309713068";"9,58075623369702";"236";"2021";"1486,49370531064";"8,44598696199229";"226";"Trabalhadores na pecuária de animais de grande porte";"-1,18442557562791e-01";"-0,042372881355932202"
"6232";"1935,59371322588";"10,99769155241978";"168";"2021";"1859,41158177764";"10,56483853282749";"179";"Trabalhadores na pecuária de animais de médio porte";"-3,93585342459485e-02";"0,065476190476190466"
"6233";"1485,25336661481";"8,43893958303870";"881";"2021";"1564,43545410837";"8,88883780743392";"880";"Trabalhadores na avicultura e cunicultura";"5,33121750627841e-02";"-0,001135073779795714"
"6321";"2103,25937046982";"11,98633848086990";"98";"2021";"1991,76250418701";"11,31683241015346";"147";"Extrativistas e reflorestadores de espécies produtoras de madeira";"-5,30114677477468e-02";"0,500000000000000000"
"6410";"2400,78235776356";"13,64199570198386";"581";"2021";"2324,72678084324";"13,20867489115476";"608";"Trabalhadores da mecanização agrícola";"-3,16794967583688e-02";"0,046471600688468229"
"7102";"3567,02651308219";"20,26745984173671";"1705";"2021";"3562,05732647709";"20,27855808721402";"1801";"Supervisores da construção civil";"-1,39308933838178e-03";"0,056304985337243485"
"7111";"2126,63717130854";"12,08316574607125";"123";"2021";"2088,59794154904";"11,86703375880137";"118";"Trabalhadores da extração de minerais sólidos";"-1,78870332338321e-02";"-0,040650406504065040"
"7112";"3612,25028566522";"20,52414935037059";"235";"2021";"2833,82609543804";"16,33594875049830";"246";"Trabalhadores de extração de minerais sólidos (operadores de máquinas)";"-2,15495640851983e-01";"0,046808510638297829"
"7122";"2108,27262932428";"12,00948207643386";"170";"2021";"1960,54248021427";"11,13944591030838";"206";"Trabalhadores de beneficiamento de pedras ornamentais";"-7,00716534736585e-02";"0,211764705882352855"
"7151";"2500,86185859908";"14,25137778233174";"1141";"2021";"2339,72126857968";"13,40128138684032";"1184";"Trabalhadores na operação de máquinas de terraplenagem e fundações";"-6,44340228011132e-02";"0,037686240140227811"
"7152";"2117,75372303748";"12,03269160816752";"4898";"2021";"2074,81865190259";"11,80369215875515";"5599";"Trabalhadores de estruturas de alvenaria";"-2,02738735235525e-02";"0,143119640669661097"
"7153";"2016,90830765475";"11,45970629349288";"782";"2021";"2048,10542780272";"11,63696265796999";"1098";"Montadores de estruturas de concreto armado";"1,54677929728237e-02";"0,404092071611253267"
"7154";"2628,69995938806";"14,93579522379582";"362";"2021";"2638,50677808755";"14,99151578458837";"514";"Trabalhadores na operação de máquinas de concreto usinado e afins";"3,73067251911574e-03";"0,419889502762430977"
"7155";"2127,60616925842";"12,10792477779281";"1998";"2021";"2042,74270579691";"11,60649264657335";"2523";"Trabalhadores de montagem de estruturas de madeira, metal e compósitos em obras civis";"-3,98868290042095e-02";"0,262762762762762669"
"7156";"2357,05559997735";"13,56274042600700";"2018";"2021";"2357,14615249609";"13,48857871998459";"2324";"Trabalhadores de instalações elétricas";"3,84176422227878e-05";"0,151635282457879050"
"7157";"2016,90830765475";"11,93718306636013";"239";"2021";"2090,19354947589";"11,87609971293121";"261";"Aplicadores de materiais isolantes";"3,63354355490573e-02";"0,092050209205020828"
"7163";"1624,66722135595";"9,45297193682251";"376";"2021";"1585,04098693857";"9,08531684643985";"423";"Vidraceiros (revestimentos rígidos)";"-2,43903698532854e-02";"0,125000000000000000"
"7164";"2016,90830765475";"11,45970629349288";"230";"2021";"1976,01776371675";"11,22737365748154";"278";"Gesseiros";"-2,02738735235525e-02";"0,208695652173912949"
"7165";"2016,90830765475";"11,45970629349288";"444";"2021";"1976,01776371675";"11,22737365748154";"500";"Aplicadores de revestimentos cerâmicos, pastilhas, pedras e madeiras";"-2,02738735235525e-02";"0,126126126126126170"
"7166";"2117,75372303748";"12,03269160816752";"1233";"2021";"2074,81865190259";"11,78874234035562";"1408";"Pintores de obras e revestidores de interiores (revestimentos flexíveis)";"-2,02738735235525e-02";"0,141930251419302600"
"7170";"1445,02544573745";"8,21762482944774";"9748";"2021";"1415,75860953353";"8,04792553231795";"11876";"Ajudantes de obras civis";"-2,02535092307554e-02";"0,218301189987689881"
"7212";"2092,96594314594";"12,21866457480041";"238";"2021";"1887,57776011554";"10,77551689734140";"248";"Preparadores e operadores de máquinas-ferramenta convencionais";"-9,81325968074204e-02";"0,042016806722689148"
"7213";"1856,01403129411";"10,54553426871651";"106";"2021";"1668,68888328928";"9,48118683687089";"126";"Afiadores e polidores de metais";"-1,00928734829778e-01";"0,188679245283018826"
"7233";"2161,93306669250";"12,40908509307031";"503";"2021";"2164,17269580627";"12,35941713508483";"496";"Trabalhadores da pintura de equipamentos, veículos, estruturas metálicas e de compósitos";"1,03593822966985e-03";"-0,013916500994035741"
"7241";"2528,84094910401";"14,64518155585238";"1786";"2021";"2404,11620040903";"13,77802881839485";"1942";"Encanadores e instaladores de tubulações";"-4,93209146819469e-02";"0,087346024636058228"
"7242";"1862,65775975287";"10,58328272586855";"539";"2021";"1712,19825838074";"9,73497351307503";"636";"Trabalhadores de traçagem e montagem de estruturas metálicas e de compósitos";"-8,07767828439340e-02";"0,179962894248608452"
"7243";"2414,87054352589";"13,78257161577976";"508";"2021";"2331,90701651407";"13,27394375694646";"602";"Trabalhadores de soldagem e corte de ligas metálicas";"-3,43552689539559e-02";"0,185039370078740051"
"7244";"1972,81019736080";"11,28042584808432";"1116";"2021";"1900,97663992512";"10,81427235026068";"1272";"Trabalhadores de caldeiraria e serralheria";"-3,64117934567521e-02";"0,139784946236559238"
"7245";"2449,76607448744";"13,95954429524889";"244";"2021";"2657,82314424838";"15,10126786504760";"247";"Operadores de máquinas de conformação de metais";"8,49293620022353e-02";"0,012295081967213184"
"7250";"1659,92830244231";"9,58375632941828";"175";"2021";"1611,75421103844";"9,27149912297380";"170";"Ajustadores mecânicos polivalentes e afins";"-2,90217904791353e-02";"-0,028571428571428581"
"7252";"2071,64218586564";"11,77069423787296";"94";"2021";"1945,08304712167";"11,13365210518567";"116";"Montadores de máquinas industriais";"-6,10912152723376e-02";"0,234042553191489366"
"7257";"2361,27973475287";"13,64713872322030";"297";"2021";"2264,32615230097";"12,99286315526269";"325";"Instaladores de equipamentos de refrigeração e ventilação";"-4,10597613764113e-02";"0,094276094276094291"
"7311";"2015,29524519926";"11,45054116590487";"389";"2021";"1836,15374702929";"10,60791682480205";"408";"Montadores de equipamentos eletroeletrônicos";"-8,88909446874881e-02";"0,048843187660668308"
"7312";"1919,90406977393";"10,91691974453987";"396";"2021";"2001,39955338759";"11,50223989212129";"329";"Montadores de aparelhos de telecomunicações";"4,24476852238049e-02";"-0,169191919191919227"
"7313";"2123,74178222477";"12,17669620278771";"707";"2021";"2068,46263754497";"11,75262862241458";"580";"Instaladores-reparadores de  linhas e equipamentos de telecomunicações";"-2,60291270541809e-02";"-0,179632248939179617"
"7321";"3198,11100617572";"18,22957064488410";"1659";"2021";"2699,07119419848";"15,42515057732185";"1605";"Instaladores e reparadores de linhas e cabos elétricos, telefônicos e de comunicação de dados";"-1,56042054517049e-01";"-0,032549728752260365"
"7411";"2005,65168476392";"11,40695735773457";"91";"2021";"1972,11856288888";"11,31280976825479";"113";"Mecânicos de instrumentos de precisão";"-1,67193147891912e-02";"0,241758241758241788"
"7522";"1857,14549596612";"10,83548857496297";"119";"2021";"1665,40256497636";"9,46251457372930";"144";"Trabalhadores da transformação de vidros planos";"-1,03246046907067e-01";"0,210084033613445298"
"7630";"1517,18387989739";"8,62036295396244";"528";"2021";"1450,46044020757";"8,24191293492395";"540";"Profissionais polivalentes da confecção de roupas";"-4,39784791902275e-02";"0,022727272727272707"
"7631";"1312,16248132813";"7,45546864390986";"516";"2021";"1274,43635513809";"7,24429774405383";"581";"Trabalhadores da preparação da confecção de roupas";"-2,87511087436830e-02";"0,125968992248062017"
"7632";"1589,98057618000";"9,03398054647729";"660";"2021";"1535,00652645088";"8,72162799119816";"713";"Operadores de máquinas para costura de peças do vestuário";"-3,45752964235595e-02";"0,080303030303030321"
"7652";"1586,01174625355";"9,23106375770427";"107";"2021";"1542,24488029123";"8,76275500165471";"128";"Trabalhadores da confecção de artefatos de tecidos, couros e sintéticos";"-2,75955496960871e-02";"0,196261682242990565"
"7661";"2647,89424213180";"15,64935645226636";"245";"2021";"2720,98702757788";"16,21064645732629";"256";"Trabalhadores da pré-impressão gráfica";"2,76041181264233e-02";"0,044897959183673564"
"7662";"2036,10259039848";"11,86851054561978";"403";"2021";"2256,62285310444";"13,01138531982596";"393";"Trabalhadores da impressão gráfica";"1,08305084304620e-01";"-0,024813895781637729"
"7663";"1842,54670050565";"11,02241761605648";"216";"2021";"1914,94613449001";"10,95314355491178";"291";"Trabalhadores do acabamento gráfico";"3,92931337721252e-02";"0,347222222222222321"
"7664";"3429,60287568721";"34,62360470303759";"148";"2021";"3165,60159135406";"32,32652567559450";"142";"Trabalhadores de laboratório fotográfico e radiológico";"-7,69772168680760e-02";"-0,040540540540540571"
"7711";"2013,02071108936";"11,43761767664408";"1065";"2021";"1972,11856288888";"11,20521910732320";"1326";"Marceneiros e afins";"-2,03187915430545e-02";"0,245070422535211163"
"7741";"1907,52178459402";"11,03178055215359";"864";"2021";"1852,46381878489";"10,82111684543155";"827";"Montadores de móveis e artefatos de madeira";"-2,88636104991332e-02";"-0,042824074074074070"
"7821";"2368,16136091190";"13,45546227790854";"116";"2021";"2400,41248796955";"13,63870731800883";"151";"Operadores de máquinas e equipamentos de elevação";"1,36186357863859e-02";"0,301724137931034475"
"7822";"2166,72583499550";"12,60989683770283";"1156";"2021";"2107,14292109622";"12,23933827243797";"1327";"Operadores de equipamentos de movimentação de cargas";"-2,74990554582090e-02";"0,147923875432526053"
"7823";"2202,08555659172";"12,72462577297715";"9233";"2021";"2077,71399343873";"11,95757322123711";"9366";"Motoristas de veículos de pequeno e médio porte";"-5,64789877399176e-02";"0,014404852160727843"
"7824";"4488,49134197182";"33,34532765450868";"5738";"2021";"4291,54073989583";"30,97126059561664";"5949";"Motoristas de ônibus urbanos, metropolitanos e rodoviários";"-4,38790201585795e-02";"0,036772394562565314"
"7825";"2409,16680110234";"13,76282373295524";"6941";"2021";"2349,69645985748";"13,39455697053210";"7429";"Motoristas de veículos de cargas em geral";"-2,46850243900308e-02";"0,070306872208615534"
"7826";"10044,41225790624";"62,77757661191399";"311";"2021";"13934,86670279062";"87,09291689244138";"290";"Operadores de veículos sobre trilhos e cabos aéreos";"3,87325245618239e-01";"-0,067524115755627001"
"7827";"2193,61407750894";"12,46371634948261";"142";"2021";"2039,38770237456";"11,58743012712816";"156";"Trabalhadores aquaviários";"-7,03069772917955e-02";"0,098591549295774739"
"7831";"1906,39612230494";"10,83192802179929";"382";"2021";"1790,16642452825";"10,26554196768018";"427";"Trabalhadores de manobras de transportes sobre trilhos";"-6,09682827282322e-02";"0,117801047120418945"
"7832";"1573,24650380004";"9,22057990672231";"7191";"2021";"1499,27441913532";"8,93434769637708";"7436";"Trabalhadores de cargas e descargas de mercadorias";"-4,70187503903797e-02";"0,034070365734946373"
"7841";"1339,18998103198";"7,64859568495497";"1911";"2021";"1318,75410113289";"7,52894468795821";"1724";"Trabalhadores de embalagem e de etiquetagem";"-1,52598811136108e-02";"-0,097854526425955046"
"7842";"1552,97297783069";"8,86106294144458";"3884";"2021";"1541,72710023550";"8,76911918137500";"4282";"Alimentadores de linhas de produção";"-7,24151531013772e-03";"0,102471678681771428"
"8118";"2991,41852132165";"17,71124641488900";"310";"2021";"2370,84090662324";"13,89912835137421";"551";"Operadores de máquinas e instalações de produtos farmacêuticos, cosméticos e afins";"-2,07452621649287e-01";"0,777419354838709609"
"8131";"2805,69004600599";"16,91461977768062";"120";"2021";"2248,09533259471";"13,44444973796187";"175";"Operadores de processos das indústrias de transformação de produtos químicos, petroquímicos e afins";"-1,98737103624485e-01";"0,458333333333333259"
"8181";"3241,07184941472";"19,59183388956569";"347";"2021";"2420,46325645433";"14,04631501726360";"274";"Laboratoristas industriais auxiliares";"-2,53190497183388e-01";"-0,210374639769452476"
"8214";"2658,36174094368";"15,10432807354362";"150";"2021";"2333,62414424992";"13,25922809232909";"163";"Operadores de equipamentos de acabamento de chapas e metais";"-1,22157038183404e-01";"0,086666666666666670"
"8401";"2295,62577186129";"13,17374999287432";"220";"2021";"2201,22038714098";"12,55712405368014";"273";"Supervisores da fabricação de alimentos, bebidas e fumo";"-4,11240307011215e-02";"0,240909090909090962"
"8414";"1646,86713845919";"9,41054201162192";"862";"2021";"1681,35864424487";"9,72431651401512";"857";"Trabalhadores na fabricação e conservação de alimentos";"2,09437088033386e-02";"-0,005800464037122977"
"8418";"1480,04862912354";"8,40936721092920";"189";"2021";"1272,46033737437";"7,41396917697384";"267";"Operadores de equipamentos na fabricação de pães, massas alimentícias, doces, chocolates e achocolatados";"-1,40257750768701e-01";"0,412698412698412787"
"8481";"1770,41727826038";"10,05918908102489";"335";"2021";"1834,13546150592";"10,45934925199222";"292";"Trabalhadores artesanais na conservação de alimentos";"3,59904888118534e-02";"-0,128358208955223874"
"8483";"1873,60105396528";"10,72524329922811";"3287";"2021";"1902,04918432629";"10,84129009435622";"3226";"Padeiros, confeiteiros e afins";"1,51836647939503e-02";"-0,018557955582598096"
"8485";"1905,50255533320";"10,82744436225983";"4104";"2021";"1859,22137685921";"10,56375782306367";"4100";"Magarefes e afins";"-2,42881744474478e-02";"-0,000974658869395739"
"8621";"2410,36789436956";"13,98278679506740";"751";"2021";"2256,90816048209";"12,97920418463661";"776";"Operadores de máquinas a vapor e utilidades";"-6,36665192255239e-02";"0,033288948069241098"
"8623";"16450,10375920502";"99,24916665052115";"339";"2021";"17781,57097317210";"108,70457250093145";"343";"Operadores de instalações de captação e esgotos";"8,09397456366820e-02";"0,011799410029498469"
"8625";"2735,13887191861";"16,22544076691680";"151";"2021";"2286,33708813959";"13,20035942991646";"124";"Operadores de instalações de refrigeração e ar-condicionado";"-1,64087384515217e-01";"-0,178807947019867575"
"9101";"3733,02108404131";"21,21034706841651";"302";"2021";"3538,53003476097";"20,10528428841460";"308";"Supervisores em serviços de reparação e manutenção de máquinas e equipamentos industriais, comerciais e residenciais";"-5,21001743364876e-02";"0,019867549668874274"
"9102";"3211,70018700578";"18,24829651707830";"136";"2021";"3487,09017126486";"19,81301233673214";"130";"Supervisores em serviços de reparação e manutenção veicular";"8,57458567811764e-02";"-0,044117647058823484"
"9111";"2364,74375736412";"13,62099503193509";"165";"2021";"2340,13337923628";"13,83404560781961";"143";"Mecânicos de manutenção de bombas, motores, compressores e equipamentos de transmissão";"-1,04072071450457e-02";"-0,133333333333333304"
"9112";"2117,75372303748";"12,12256260746574";"610";"2021";"2141,29527089479";"12,33678226947590";"715";"Mecânicos de manutenção e instalação de aparelhos de  climatização e refrigeração";"1,11162821253568e-02";"0,172131147540983687"
"9113";"4129,99691481377";"23,58029081586768";"670";"2021";"3595,43300619206";"20,89108036557566";"695";"Mecânicos de manutenção de máquinas industriais";"-1,29434457131019e-01";"0,037313432835820892"
"9131";"3392,93181554804";"19,27802167925021";"128";"2021";"3275,75137300638";"18,72398711167209";"156";"Mecânicos de manutenção de máquinas pesadas e equipamentos agrícolas";"-3,45366334816043e-02";"0,218750000000000000"
"9141";"4108,86463617027";"26,69337915326052";"153";"2021";"3976,63536355079";"22,66086268269643";"172";"Mecânicos de manutenção aeronáutica";"-3,21814623571360e-02";"0,124183006535947715"
"9143";"3547,51890166006";"22,17199313537535";"408";"2021";"3439,41213837774";"20,18912935425777";"569";"Mecânicos de manutenção metroferroviária";"-3,04739076180039e-02";"0,394607843137254832"
"9144";"2010,08470532505";"11,58418718826552";"3019";"2021";"1910,03250743050";"10,92447472645484";"3205";"Mecânicos de manutenção de veículos automotores";"-4,97751152623057e-02";"0,061609804571050031"
"9191";"2241,07176752133";"12,79204550649324";"207";"2021";"1918,75023285866";"10,90198995942421";"225";"Lubrificadores";"-1,43824726782028e-01";"0,086956521739130377"
"9192";"3488,88001973497";"20,69392839372568";"263";"2021";"2732,89068538979";"15,91741387474266";"233";"Trabalhadores de manutenção de roçadeiras, motoserras e similares";"-2,16685391893359e-01";"-0,114068441064638759"
"9193";"1635,22755829477";"9,29106567212935";"125";"2021";"1488,98750313009";"8,46015626778462";"124";"Mecânicos de manutenção de bicicletas e equipamentos esportivos e de ginástica";"-8,94310118630663e-02";"-0,008000000000000007"
"9501";"4259,91226869291";"25,18792672459067";"225";"2021";"3912,09777803261";"23,47631823893126";"254";"Supervisores de manutenção eletroeletrônica industrial, comercial e predial";"-8,16482755329185e-02";"0,128888888888888831"
"9511";"2823,67163071664";"16,83535033662227";"1447";"2021";"2703,85801797903";"15,73825621167354";"1493";"Eletricistas de manutenção eletroeletrônica";"-4,24318505856877e-02";"0,031789910158949608"
"9513";"1973,04229267814";"11,63832737720445";"468";"2021";"1822,69146558023";"10,90994518407457";"497";"Instaladores e mantenedores de sistemas eletroeletrônicos de segurança";"-7,62025363854859e-02";"0,061965811965811968"
"9531";"2916,27766233393";"17,06252869958993";"283";"2021";"2677,16592775899";"15,42172832973641";"301";"Eletricistas eletrônicos de manutenção veicular (aérea, terrestre e naval)";"-8,19921016655132e-02";"0,063604240282685520"
"9541";"3142,61701580055";"20,22611786333614";"484";"2021";"3228,16844257848";"20,18912935425777";"519";"Instaladores e mantenedores eletromecânicos de elevadores, escadas e portas automáticas";"2,72229884671895e-02";"0,072314049586776896"
"9913";"2190,38795259796";"12,49859658325279";"717";"2021";"2038,61103229096";"11,76472656782625";"767";"Reparadores de carrocerias de veículos";"-6,92922548843400e-02";"0,069735006973500768"
"9921";"1860,41223755763";"10,71832000140983";"558";"2021";"1725,44391756159";"9,96084185371377";"561";"Trabalhadores elementares de serviços de manutenção veicular";"-7,25475339665753e-02";"0,005376344086021501"
"9922";"1969,55506053515";"11,21181926351367";"2186";"2021";"1851,32787274425";"10,54106291802341";"2205";"Trabalhadores operacionais de conservação de vias permanentes (exceto trilhos)";"-6,00273585440048e-02";"0,008691674290942419"
